"","UseRIC","CurveName","Tenor","BSRef","TenorRefRic","Trade.Date","Mid.Price","Bid.Price","Ask.Price","Instrument.Snap.Time","Cross.Scaling.Factor","Maturity.Date"
"1","AUD10M=","AUD_Forward_Swap_Point","10M","AUD_Forward_10M","AUD10M=",20181029,36.56,35.66,37.46,"20181029 16:00:00",10000,20190830
"2","AUD11M=","AUD_Forward_Swap_Point","11M","AUD_Forward_11M","AUD11M=",20181029,41.43,40.43,42.43,"20181029 16:00:00",10000,20190930
"3","AUD1M=","AUD_Forward_Swap_Point","1M","AUD_Forward_1M","AUD1M=",20181029,2.145,2.02,2.27,"20181029 16:00:00",10000,20181130
"4","AUD1Y=","AUD_Forward_Swap_Point","1Y","AUD_Forward_1Y","AUD1Y=",20181029,46.9,46.2,47.6,"20181029 16:00:00",10000,20191031
"5","AUD2M=","AUD_Forward_Swap_Point","2M","AUD_Forward_2M","AUD2M=",20181029,4.645,4.49,4.8,"20181029 16:00:00",10000,20181231
"6","AUD2W=","AUD_Forward_Swap_Point","2W","AUD_Forward_2W","AUD2W=",20181029,0.855,0.78,0.93,"20181029 16:00:00",10000,20181114
"7","AUD2Y=","AUD_Forward_Swap_Point","2Y","AUD_Forward_2Y","AUD2Y=",20181029,104.36,101.36,107.36,"20181029 16:00:00",10000,20201030
"8","AUD3M=","AUD_Forward_Swap_Point","3M","AUD_Forward_3M","AUD3M=",20181029,7.91,7.8,8.02,"20181029 16:00:00",10000,20190131
"9","AUD3W=","AUD_Forward_Swap_Point","3W","AUD_Forward_3W","AUD3W=",20181029,1.355,1.27,1.44,"20181029 16:00:00",10000,20181121
"10","AUD4M=","AUD_Forward_Swap_Point","4M","AUD_Forward_4M","AUD4M=",20181029,11.065,10.9,11.23,"20181029 16:00:00",10000,20190228
"11","AUD5M=","AUD_Forward_Swap_Point","5M","AUD_Forward_5M","AUD5M=",20181029,14.17,13.77,14.57,"20181029 16:00:00",10000,20190329
"12","AUD6M=","AUD_Forward_Swap_Point","6M","AUD_Forward_6M","AUD6M=",20181029,18.45,18.13,18.77,"20181029 16:00:00",10000,20190430
"13","AUD7M=","AUD_Forward_Swap_Point","7M","AUD_Forward_7M","AUD7M=",20181029,23.25,22.6,23.9,"20181029 16:00:00",10000,20190531
"14","AUD8M=","AUD_Forward_Swap_Point","8M","AUD_Forward_8M","AUD8M=",20181029,26.96,26.66,27.26,"20181029 16:00:00",10000,20190628
"15","AUD9M=","AUD_Forward_Swap_Point","9M","AUD_Forward_9M","AUD9M=",20181029,31.9,31.1,32.7,"20181029 16:00:00",10000,20190731
"16","AUDSW=","AUD_Forward_Swap_Point","1W","AUD_Forward_1W","AUDSW=",20181029,0.37,0.32,0.42,"20181029 16:00:00",10000,20181107
"17","BRL1MNDF=","BRL_NDF_Swap_Point","1M","BRL_NDF_1M","BRL1MNDF=",20181029,0.01025,0.01,0.0105,"20181029 16:00:00",1,20181130
"18","BRL1YNDF=","BRL_NDF_Swap_Point","1Y","BRL_NDF_1Y","BRL1YNDF=",20181029,0.1296,0.1276,0.1316,"20181029 16:00:00",1,20191030
"19","BRL2MNDF=","BRL_NDF_Swap_Point","2M","BRL_NDF_2M","BRL2MNDF=",20181029,0.0181,0.0176,0.0186,"20181029 16:00:00",1,20181231
"20","BRL3MNDF=","BRL_NDF_Swap_Point","3M","BRL_NDF_3M","BRL3MNDF=",20181029,0.0277,0.0272,0.0282,"20181029 16:00:00",1,20190130
"21","BRL6MNDF=","BRL_NDF_Swap_Point","6M","BRL_NDF_6M","BRL6MNDF=",20181029,0.0556,0.0547,0.0565,"20181029 16:00:00",1,20190430
"22","BRL9MNDF=","BRL_NDF_Swap_Point","9M","BRL_NDF_9M","BRL9MNDF=",20181029,0.08845,0.0872,0.0897,"20181029 16:00:00",1,20190730
"23","BRLSWNDF=","BRL_NDF_Swap_Point","1W","BRL_NDF_SW","BRLSWNDF=",20181029,0.0017,0.0011,0.0023,"20181029 16:00:00",1,20181106
"24","CAD1M=","CAD_Forward_Swap_Point","1M","CAD_Forward_1M","CAD1M=",20181029,-6.99,-7.1,-6.88,"20181029 16:00:00",10000,20181130
"25","CAD1Y=","CAD_Forward_Swap_Point","1Y","CAD_Forward_1Y","CAD1Y=",20181029,-75.1,-76.6,-73.6,"20181029 16:00:00",10000,20191030
"26","CAD2M=","CAD_Forward_Swap_Point","2M","CAD_Forward_2M","CAD2M=",20181029,-14.265,-14.41,-14.12,"20181029 16:00:00",10000,20181231
"27","CAD2W=","CAD_Forward_Swap_Point","2W","CAD_Forward_2W","CAD2W=",20181029,-3.15,-3.22,-3.08,"20181029 16:00:00",10000,20181113
"28","CAD2Y=","CAD_Forward_Swap_Point","2Y","CAD_Forward_2Y","CAD2Y=",20181029,-142.1,-145.09,-139.11,"20181029 16:00:00",10000,20201030
"29","CAD3M=","CAD_Forward_Swap_Point","3M","CAD_Forward_3M","CAD3M=",20181029,-25.06,-25.26,-24.86,"20181029 16:00:00",10000,20190130
"30","CAD4M=","CAD_Forward_Swap_Point","4M","CAD_Forward_4M","CAD4M=",20181029,-30.31,-30.56,-30.06,"20181029 16:00:00",10000,20190228
"31","CAD5M=","CAD_Forward_Swap_Point","5M","CAD_Forward_5M","CAD5M=",20181029,-35.52,-35.92,-35.12,"20181029 16:00:00",10000,20190329
"32","CAD6M=","CAD_Forward_Swap_Point","6M","CAD_Forward_6M","CAD6M=",20181029,-41.685,-42.27,-41.1,"20181029 16:00:00",10000,20190430
"33","CAD9M=","CAD_Forward_Swap_Point","9M","CAD_Forward_9M","CAD9M=",20181029,-58.3,-58.9,-57.7,"20181029 16:00:00",10000,20190730
"34","CADSW=","CAD_Forward_Swap_Point","1W","CAD_Forward_SW","CADSW=",20181029,-1.6,-1.65,-1.55,"20181029 16:00:00",10000,20181106
"35","CHF10M=","CHF_Forward_Swap_Point","10M","CHF_Forward_10M","CHF10M=",20181029,-305.09,-306.34,-303.84,"20181029 16:00:00",10000,20190830
"36","CHF11M=","CHF_Forward_Swap_Point","11M","CHF_Forward_11M","CHF11M=",20181029,-336.1,-337,-335.2,"20181029 16:00:00",10000,20190930
"37","CHF1M=","CHF_Forward_Swap_Point","1M","CHF_Forward_1M","CHF1M=",20181029,-26.47,-26.66,-26.28,"20181029 16:00:00",10000,20181130
"38","CHF1Y=","CHF_Forward_Swap_Point","1Y","CHF_Forward_1Y","CHF1Y=",20181029,-368.2,-369.95,-366.45,"20181029 16:00:00",10000,20191031
"39","CHF2M=","CHF_Forward_Swap_Point","2M","CHF_Forward_2M","CHF2M=",20181029,-55.24,-55.63,-54.85,"20181029 16:00:00",10000,20181231
"40","CHF2W=","CHF_Forward_Swap_Point","2W","CHF_Forward_2W","CHF2W=",20181029,-12.33,-12.43,-12.23,"20181029 16:00:00",10000,20181114
"41","CHF2Y=","CHF_Forward_Swap_Point","2Y","CHF_Forward_2Y","CHF2Y=",20181029,-723.72,-726.72,-720.72,"20181029 16:00:00",10000,20201030
"42","CHF3M=","CHF_Forward_Swap_Point","3M","CHF_Forward_3M","CHF3M=",20181029,-94.54,-95.12,-93.96,"20181029 16:00:00",10000,20190131
"43","CHF4M=","CHF_Forward_Swap_Point","4M","CHF_Forward_4M","CHF4M=",20181029,-120.735,-121.41,-120.06,"20181029 16:00:00",10000,20190228
"44","CHF5M=","CHF_Forward_Swap_Point","5M","CHF_Forward_5M","CHF5M=",20181029,-148.34,-149.27,-147.41,"20181029 16:00:00",10000,20190329
"45","CHF6M=","CHF_Forward_Swap_Point","6M","CHF_Forward_6M","CHF6M=",20181029,-181.57,-182.71,-180.43,"20181029 16:00:00",10000,20190430
"46","CHF7M=","CHF_Forward_Swap_Point","7M","CHF_Forward_7M","CHF7M=",20181029,-212.97,-213.67,-212.27,"20181029 16:00:00",10000,20190531
"47","CHF8M=","CHF_Forward_Swap_Point","8M","CHF_Forward_8M","CHF8M=",20181029,-240.36,-241.85,-238.87,"20181029 16:00:00",10000,20190628
"48","CHF9M=","CHF_Forward_Swap_Point","9M","CHF_Forward_9M","CHF9M=",20181029,-275,-276.69,-273.31,"20181029 16:00:00",10000,20190731
"49","CHFSW=","CHF_Forward_Swap_Point","1W","CHF_Forward_SW","CHFSW=",20181029,-6.195,-6.29,-6.1,"20181029 16:00:00",10000,20181107
"50","CLP1MNDF=","CLP_NDF_Swap_Point","1M","CLP_NDF_1M","CLP1MNDF=",20181029,-0.3,-0.35,-0.25,"20181029 16:00:00",1,20181130
"51","CLP1YNDF=","CLP_NDF_Swap_Point","1Y","CLP_NDF_1Y","CLP1YNDF=",20181029,-1.25,-1.4,-1.1,"20181029 16:00:00",1,20191030
"52","CLP2MNDF=","CLP_NDF_Swap_Point","2M","CLP_NDF_2M","CLP2MNDF=",20181029,-0.56,-0.61,-0.51,"20181029 16:00:00",1,20181228
"53","CLP3MNDF=","CLP_NDF_Swap_Point","3M","CLP_NDF_3M","CLP3MNDF=",20181029,-0.895,-0.97,-0.82,"20181029 16:00:00",1,20190131
"54","CLP6MNDF=","CLP_NDF_Swap_Point","6M","CLP_NDF_6M","CLP6MNDF=",20181029,-1.3,-1.4,-1.2,"20181029 16:00:00",1,20190430
"55","CLP9MNDF=","CLP_NDF_Swap_Point","9M","CLP_NDF_9M","CLP9MNDF=",20181029,-1.305,-1.43,-1.18,"20181029 16:00:00",1,20190731
"56","CLPSWNDF=","CLP_NDF_Swap_Point","1W","CLP_NDF_SW","CLPSWNDF=",20181029,-0.07,-0.12,-0.02,"20181029 16:00:00",1,20181107
"57","CNH1M=","CNH_Forward_Swap_Point","1M","CNH_Forward_1M","CNH1M=",20181029,60.8,53.8,67.8,"20181029 16:00:00",10000,20181130
"58","CNH1Y=","CNH_Forward_Swap_Point","1Y","CNH_Forward_1Y","CNH1Y=",20181029,715,695,735,"20181029 16:00:00",10000,20191031
"59","CNH2Y=","CNH_Forward_Swap_Point","2Y","CNH_Forward_2Y","CNH2Y=",20181029,1243.3,1193.3,1293.3,"20181029 16:00:00",10000,20201030
"60","CNH3M=","CNH_Forward_Swap_Point","3M","CNH_Forward_3M","CNH3M=",20181029,224.3,217.3,231.3,"20181029 16:00:00",10000,20190131
"61","CNH6M=","CNH_Forward_Swap_Point","6M","CNH_Forward_6M","CNH6M=",20181029,423.3,408.3,438.3,"20181029 16:00:00",10000,20190430
"62","CNH9M=","CNH_Forward_Swap_Point","9M","CNH_Forward_9M","CNH9M=",20181029,577.7,562.7,592.7,"20181029 16:00:00",10000,20190731
"63","CNHSW=","CNH_Forward_Swap_Point","1W","CNH_Forward_1W","CNHSW=",20181029,5,3,7,"20181029 16:00:00",10000,20181107
"64","CNY1M=","CNY_Forward_Swap_Point","1M","CNY_Forward_1M","CNY1M=",20181029,2.25,1.5,3,"20181029 16:00:00",10000,20181130
"65","CNY1Y=","CNY_Forward_Swap_Point","1Y","CNY_Forward_1Y","CNY1Y=",20181029,-91.5,-110,-73,"20181029 16:00:00",10000,20191031
"66","CNY2Y=","CNY_Forward_Swap_Point","2Y","CNY_Forward_2Y","CNY2Y=",20181029,-20,-50,10,"20181029 16:00:00",10000,20201030
"67","CNY3M=","CNY_Forward_Swap_Point","3M","CNY_Forward_3M","CNY3M=",20181029,0,-16,16,"20181029 16:00:00",10000,20190131
"68","CNY6M=","CNY_Forward_Swap_Point","6M","CNY_Forward_6M","CNY6M=",20181029,-28.5,-30,-27,"20181029 16:00:00",10000,20190430
"69","CNY9M=","CNY_Forward_Swap_Point","9M","CNY_Forward_9M","CNY9M=",20181029,-62,-68,-56,"20181029 16:00:00",10000,20190731
"70","CNYSW=","CNY_Forward_Swap_Point","1W","CNY_Forward_1W","CNYSW=",20181029,1.15,1,1.3,"20181029 16:00:00",10000,20181107
"71","COP1MNDF=","COP_NDF_Swap_Point","1M","COP_NDF_1M","COP1MNDF=",20181029,4.645,4.2,5.09,"20181029 16:00:00",1,20181130
"72","COP1YNDF=","COP_NDF_Swap_Point","1Y","COP_NDF_1Y","COP1YNDF=",20181029,52.105,44,60.21,"20181029 16:00:00",1,20191031
"73","COP2MNDF=","COP_NDF_Swap_Point","2M","COP_NDF_2M","COP2MNDF=",20181029,8.025,7.35,8.7,"20181029 16:00:00",1,20181231
"74","COP3MNDF=","COP_NDF_Swap_Point","3M","COP_NDF_3M","COP3MNDF=",20181029,11.195,10.5,11.89,"20181029 16:00:00",1,20190131
"75","COP6MNDF=","COP_NDF_Swap_Point","6M","COP_NDF_6M","COP6MNDF=",20181029,22.04,20,24.08,"20181029 16:00:00",1,20190430
"76","COP9MNDF=","COP_NDF_Swap_Point","9M","COP_NDF_9M","COP9MNDF=",20181029,35.47,30.44,40.5,"20181029 16:00:00",1,20190731
"77","COPSWNDF=","COP_NDF_Swap_Point","1W","COP_NDF_SW","COPSWNDF=",20181029,0.94,0.62,1.26,"20181029 16:00:00",1,20181107
"78","EUR1M=","EUR_Forward_Swap_Point","1M","EUR_Forward_1M","EUR1M=",20181029,26.685,26.59,26.78,"20181029 16:00:00",10000,20181130
"79","EUR1Y=","EUR_Forward_Swap_Point","1Y","EUR_Forward_1Y","EUR1Y=",20181029,388.37,387.17,389.57,"20181029 16:00:00",10000,20191031
"80","EUR2M=","EUR_Forward_Swap_Point","2M","EUR_Forward_2M","EUR2M=",20181029,55.97,55.82,56.12,"20181029 16:00:00",10000,20181231
"81","EUR2W=","EUR_Forward_Swap_Point","2W","EUR_Forward_2W","EUR2W=",20181029,12.455,12.42,12.49,"20181029 16:00:00",10000,20181114
"82","EUR2Y=","EUR_Forward_Swap_Point","2Y","EUR_Forward_2Y","EUR2Y=",20181029,791.5,785.75,797.25,"20181029 16:00:00",10000,20201030
"83","EUR3M=","EUR_Forward_Swap_Point","3M","EUR_Forward_3M","EUR3M=",20181029,96.79,96.57,97.01,"20181029 16:00:00",10000,20190131
"84","EUR3W=","EUR_Forward_Swap_Point","3W","EUR_Forward_3W","EUR3W=",20181029,18.69,18.63,18.75,"20181029 16:00:00",10000,20181121
"85","EUR4M=","EUR_Forward_Swap_Point","4M","EUR_Forward_4M","EUR4M=",20181029,123.96,123.67,124.25,"20181029 16:00:00",10000,20190228
"86","EUR5M=","EUR_Forward_Swap_Point","5M","EUR_Forward_5M","EUR5M=",20181029,152.57,151.87,153.27,"20181029 16:00:00",10000,20190329
"87","EUR6M=","EUR_Forward_Swap_Point","6M","EUR_Forward_6M","EUR6M=",20181029,187.57,187.07,188.07,"20181029 16:00:00",10000,20190430
"88","EUR9M=","EUR_Forward_Swap_Point","9M","EUR_Forward_9M","EUR9M=",20181029,286.37,285.08,287.66,"20181029 16:00:00",10000,20190731
"89","EURSW=","EUR_Forward_Swap_Point","1W","EUR_Forward_SW","EURSW=",20181029,6.21,6.16,6.26,"20181029 16:00:00",10000,20181107
"90","GBP10M=","GBP_Forward_Swap_Point","10M","GBP_Forward_10M","GBP10M=",20181029,206.795,206.08,207.51,"20181029 16:00:00",10000,20190830
"91","GBP11M=","GBP_Forward_Swap_Point","11M","GBP_Forward_11M","GBP11M=",20181029,228.91,228.11,229.71,"20181029 16:00:00",10000,20190930
"92","GBP1M=","GBP_Forward_Swap_Point","1M","GBP_Forward_1M","GBP1M=",20181029,16.68,16.5,16.86,"20181029 16:00:00",10000,20181130
"93","GBP1Y=","GBP_Forward_Swap_Point","1Y","GBP_Forward_1Y","GBP1Y=",20181029,250.99,248.71,253.27,"20181029 16:00:00",10000,20191031
"94","GBP2M=","GBP_Forward_Swap_Point","2M","GBP_Forward_2M","GBP2M=",20181029,35.235,35.17,35.3,"20181029 16:00:00",10000,20181231
"95","GBP2W=","GBP_Forward_Swap_Point","2W","GBP_Forward_2W","GBP2W=",20181029,7.75,7.71,7.79,"20181029 16:00:00",10000,20181114
"96","GBP2Y=","GBP_Forward_Swap_Point","2Y","GBP_Forward_2Y","GBP2Y=",20181029,512.5,500,525,"20181029 16:00:00",10000,20201030
"97","GBP3M=","GBP_Forward_Swap_Point","3M","GBP_Forward_3M","GBP3M=",20181029,63.16,62.97,63.35,"20181029 16:00:00",10000,20190131
"98","GBP3W=","GBP_Forward_Swap_Point","3W","GBP_Forward_3W","GBP3W=",20181029,11.635,11.59,11.68,"20181029 16:00:00",10000,20181121
"99","GBP4M=","GBP_Forward_Swap_Point","4M","GBP_Forward_4M","GBP4M=",20181029,80.455,80.11,80.8,"20181029 16:00:00",10000,20190228
"100","GBP5M=","GBP_Forward_Swap_Point","5M","GBP_Forward_5M","GBP5M=",20181029,98.35,97.81,98.89,"20181029 16:00:00",10000,20190329
"101","GBP6M=","GBP_Forward_Swap_Point","6M","GBP_Forward_6M","GBP6M=",20181029,121.54,120.4,122.68,"20181029 16:00:00",10000,20190430
"102","GBP7M=","GBP_Forward_Swap_Point","7M","GBP_Forward_7M","GBP7M=",20181029,142.15,140.82,143.48,"20181029 16:00:00",10000,20190531
"103","GBP8M=","GBP_Forward_Swap_Point","8M","GBP_Forward_8M","GBP8M=",20181029,161.495,160.92,162.07,"20181029 16:00:00",10000,20190628
"104","GBP9M=","GBP_Forward_Swap_Point","9M","GBP_Forward_9M","GBP9M=",20181029,184.6,183.87,185.33,"20181029 16:00:00",10000,20190731
"105","GBPSW=","GBP_Forward_Swap_Point","1W","GBP_Forward_SW","GBPSW=",20181029,3.82,3.77,3.87,"20181029 16:00:00",10000,20181107
"106","HKD1M=","HKD_Forward_Swap_Point","1M","HKD_Forward_1M","HKD1M=",20181029,-81.14,-82.74,-79.54,"20181029 16:00:00",10000,20181130
"107","HKD1Y=","HKD_Forward_Swap_Point","1Y","HKD_Forward_1Y","HKD1Y=",20181029,-434.11,-442.94,-425.28,"20181029 16:00:00",10000,20191031
"108","HKD2M=","HKD_Forward_Swap_Point","2M","HKD_Forward_2M","HKD2M=",20181029,-138.5,-141.2,-135.8,"20181029 16:00:00",10000,20181231
"109","HKD2W=","HKD_Forward_Swap_Point","2W","HKD_Forward_2W","HKD2W=",20181029,-37.75,-39.25,-36.25,"20181029 16:00:00",10000,20181114
"110","HKD2Y=","HKD_Forward_Swap_Point","2Y","HKD_Forward_2Y","HKD2Y=",20181029,-624,-674,-574,"20181029 16:00:00",10000,20201030
"111","HKD3M=","HKD_Forward_Swap_Point","3M","HKD_Forward_3M","HKD3M=",20181029,-171.83,-176.83,-166.83,"20181029 16:00:00",10000,20190131
"112","HKD4M=","HKD_Forward_Swap_Point","4M","HKD_Forward_4M","HKD4M=",20181029,-206.4,-210.4,-202.4,"20181029 16:00:00",10000,20190228
"113","HKD5M=","HKD_Forward_Swap_Point","5M","HKD_Forward_5M","HKD5M=",20181029,-242.8,-246.8,-238.8,"20181029 16:00:00",10000,20190329
"114","HKD6M=","HKD_Forward_Swap_Point","6M","HKD_Forward_6M","HKD6M=",20181029,-283,-287,-279,"20181029 16:00:00",10000,20190430
"115","HKD9M=","HKD_Forward_Swap_Point","9M","HKD_Forward_9M","HKD9M=",20181029,-364.15,-375.06,-353.24,"20181029 16:00:00",10000,20190731
"116","HKDSW=","HKD_Forward_Swap_Point","1W","HKD_Forward_SW","HKDSW=",20181029,-18.95,-20.8,-17.1,"20181029 16:00:00",10000,20181107
"117","IDR1MNDF=","IDR_Forward_Swap_Point","1M","IDR_Forward_1M","IDR1MNDF=",20181029,63,59,67,"20181029 16:00:00",1,20181130
"118","IDR1YNDF=","IDR_Forward_Swap_Point","1Y","IDR_Forward_1Y","IDR1YNDF=",20181029,983,969,997,"20181029 16:00:00",1,20191031
"119","IDR2MNDF=","IDR_Forward_Swap_Point","2M","IDR_Forward_2M","IDR2MNDF=",20181029,151,142,160,"20181029 16:00:00",1,20181231
"120","IDR3MNDF=","IDR_Forward_Swap_Point","3M","IDR_Forward_3M","IDR3MNDF=",20181029,241,232,250,"20181029 16:00:00",1,20190131
"121","IDR6MNDF=","IDR_Forward_Swap_Point","6M","IDR_Forward_6M","IDR6MNDF=",20181029,488,474,502,"20181029 16:00:00",1,20190430
"122","IDR9MNDF=","IDR_Forward_Swap_Point","9M","IDR_Forward_9M","IDR9MNDF=",20181029,738,719,757,"20181029 16:00:00",1,20190731
"123","IDRSWNDF=","IDR_Forward_Swap_Point","1W","IDR_Forward_1W","IDRSWNDF=",20181029,-2,-11,7,"20181029 16:00:00",1,20181107
"124","INR1MNDF=","INR_Forward_Swap_Point","1M","INR_Forward_1M","INR1MNDF=",20181029,23.8,23.3,24.3,"20181029 16:00:00",100,20181130
"125","INR1YNDF=","INR_Forward_Swap_Point","1Y","INR_Forward_1Y","INR1YNDF=",20181029,336.2,336.1713,336.2287,"20181029 16:00:00",100,20191031
"126","INR2MNDF=","INR_Forward_Swap_Point","2M","INR_Forward_2M","INR2MNDF=",20181029,55.3,55.2834,55.3166,"20181029 16:00:00",100,20181231
"127","INR3MNDF=","INR_Forward_Swap_Point","3M","INR_Forward_3M","INR3MNDF=",20181029,86.5,86.4817,86.5183,"20181029 16:00:00",100,20190131
"128","INR6MNDF=","INR_Forward_Swap_Point","6M","INR_Forward_6M","INR6MNDF=",20181029,176.20005,176.1716,176.2285,"20181029 16:00:00",100,20190430
"129","INR9MNDF=","INR_Forward_Swap_Point","9M","INR_Forward_9M","INR9MNDF=",20181029,256.90005,256.8802,256.9199,"20181029 16:00:00",100,20190731
"130","INRSWNDF=","INR_Forward_Swap_Point","1W","INR_Forward_1W","INRSWNDF=",20181029,3.3,3.29,3.31,"20181029 16:00:00",100,20181109
"131","JPY10M=","JPY_Forward_Swap_Point","10M","JPY_Forward_10M","JPY10M=",20181029,-292.99,-294.86,-291.12,"20181029 16:00:00",100,20190830
"132","JPY11M=","JPY_Forward_Swap_Point","11M","JPY_Forward_11M","JPY11M=",20181029,-323.1,-325.15,-321.05,"20181029 16:00:00",100,20190930
"133","JPY1M=","JPY_Forward_Swap_Point","1M","JPY_Forward_1M","JPY1M=",20181029,-23.975,-24.05,-23.9,"20181029 16:00:00",100,20181130
"134","JPY1Y=","JPY_Forward_Swap_Point","1Y","JPY_Forward_1Y","JPY1Y=",20181029,-355.44,-357.68,-353.2,"20181029 16:00:00",100,20191031
"135","JPY2M=","JPY_Forward_Swap_Point","2M","JPY_Forward_2M","JPY2M=",20181029,-47.57,-47.77,-47.37,"20181029 16:00:00",100,20181228
"136","JPY2W=","JPY_Forward_Swap_Point","2W","JPY_Forward_2W","JPY2W=",20181029,-11.18,-11.25,-11.11,"20181029 16:00:00",100,20181114
"137","JPY2Y=","JPY_Forward_Swap_Point","2Y","JPY_Forward_2Y","JPY2Y=",20181029,-731.2,-737.68,-724.72,"20181029 16:00:00",100,20201030
"138","JPY3M=","JPY_Forward_Swap_Point","3M","JPY_Forward_3M","JPY3M=",20181029,-89.9,-90.48,-89.32,"20181029 16:00:00",100,20190131
"139","JPY3W=","JPY_Forward_Swap_Point","3W","JPY_Forward_3W","JPY3W=",20181029,-16.81,-16.89,-16.73,"20181029 16:00:00",100,20181121
"140","JPY4M=","JPY_Forward_Swap_Point","4M","JPY_Forward_4M","JPY4M=",20181029,-114.46,-114.76,-114.16,"20181029 16:00:00",100,20190228
"141","JPY5M=","JPY_Forward_Swap_Point","5M","JPY_Forward_5M","JPY5M=",20181029,-140.285,-140.99,-139.58,"20181029 16:00:00",100,20190329
"142","JPY6M=","JPY_Forward_Swap_Point","6M","JPY_Forward_6M","JPY6M=",20181029,-173.5,-174,-173,"20181029 16:00:00",100,20190430
"143","JPY7M=","JPY_Forward_Swap_Point","7M","JPY_Forward_7M","JPY7M=",20181029,-202.72,-203.22,-202.22,"20181029 16:00:00",100,20190531
"144","JPY8M=","JPY_Forward_Swap_Point","8M","JPY_Forward_8M","JPY8M=",20181029,-228.9,-229.4,-228.4,"20181029 16:00:00",100,20190628
"145","JPY9M=","JPY_Forward_Swap_Point","9M","JPY_Forward_9M","JPY9M=",20181029,-263.77,-264.27,-263.27,"20181029 16:00:00",100,20190731
"146","JPYSW=","JPY_Forward_Swap_Point","1W","JPY_Forward_SW","JPYSW=",20181029,-5.6,-5.72,-5.48,"20181029 16:00:00",100,20181107
"147","KRW1M=","KRW_NDF_Swap_Point","1M","KRW_NDF_1M","KRW1M=",20181029,-90,-140,-40,"20181029 16:00:00",100,20181130
"148","KRW1Y=","KRW_NDF_Swap_Point","1Y","KRW_NDF_1Y","KRW1Y=",20181029,-1890,-2240,-1540,"20181029 16:00:00",100,20191031
"149","KRW2M=","KRW_NDF_Swap_Point","2M","KRW_NDF_2M","KRW2M=",20181029,-205,-320,-90,"20181029 16:00:00",100,20181231
"150","KRW3M=","KRW_NDF_Swap_Point","3M","KRW_NDF_3M","KRW3M=",20181029,-400,-530,-270,"20181029 16:00:00",100,20190131
"151","KRW6M=","KRW_NDF_Swap_Point","6M","KRW_NDF_6M","KRW6M=",20181029,-890,-1090,-690,"20181029 16:00:00",100,20190430
"152","KRWSW=","KRW_NDF_Swap_Point","1W","KRW_NDF_SW","KRWSW=",20181029,-27,-60,6,"20181029 16:00:00",100,20181107
"153","MXN1M=","MXN_Forward_Swap_Point","1M","MXN_Forward_1M","MXN1M=",20181029,0.0924,0.0899,0.0949,"20181029 16:00:00",1,20181130
"154","MXN1Y=","MXN_Forward_Swap_Point","1Y","MXN_Forward_1Y","MXN1Y=",20181029,1.1021,1.0871,1.1171,"20181029 16:00:00",1,20191031
"155","MXN2M=","MXN_Forward_Swap_Point","2M","MXN_Forward_2M","MXN2M=",20181029,0.1851,0.1821,0.1881,"20181029 16:00:00",1,20181231
"156","MXN2W=","MXN_Forward_Swap_Point","2W","MXN_Forward_2W","MXN2W=",20181029,0.0418,0.0403,0.0433,"20181029 16:00:00",1,20181114
"157","MXN3M=","MXN_Forward_Swap_Point","3M","MXN_Forward_3M","MXN3M=",20181029,0.2714,0.2674,0.2754,"20181029 16:00:00",1,20190131
"158","MXN6M=","MXN_Forward_Swap_Point","6M","MXN_Forward_6M","MXN6M=",20181029,0.55,0.544,0.556,"20181029 16:00:00",1,20190430
"159","MXN9M=","MXN_Forward_Swap_Point","9M","MXN_Forward_9M","MXN9M=",20181029,0.8263,0.8163,0.8363,"20181029 16:00:00",1,20190731
"160","MXNSW=","MXN_Forward_Swap_Point","1W","MXN_Forward_1W","MXNSW=",20181029,0.0208,0.0198,0.0218,"20181029 16:00:00",1,20181107
"161","MYR1M=","MYR_Forward_Swap_Point","1M","MYR_Forward_1M","MYR1M=",20181029,28.5,25,32,"20181029 16:00:00",10000,20181130
"162","MYR1M=","MYR_NDF_Swap_Point","1M","MYR_NDF_1M","MYR1M=",20181029,28.5,25,32,"20181029 16:00:00",10000,20181130
"163","MYR1Y=","MYR_Forward_Swap_Point","1Y","MYR_Forward_1Y","MYR1Y=",20181029,60,45,75,"20181029 16:00:00",10000,20191031
"164","MYR1Y=","MYR_NDF_Swap_Point","1Y","MYR_NDF_1Y","MYR1Y=",20181029,60,45,75,"20181029 16:00:00",10000,20191031
"165","MYR2M=","MYR_NDF_Swap_Point","2M","MYR_NDF_2M","MYR2M=",20181029,40,35,45,"20181029 16:00:00",10000,20181231
"166","MYR2W=","MYR_NDF_Swap_Point","2W","MYR_NDF_2W","MYR2W=",20181029,14,13,15,"20181029 16:00:00",10000,20181114
"167","MYR2Y=","MYR_Forward_Swap_Point","2Y","MYR_Forward_2Y","MYR2Y=",20181029,100,50,150,"20181029 16:00:00",10000,20201030
"168","MYR3M=","MYR_NDF_Swap_Point","3M","MYR_NDF_3M","MYR3M=",20181029,34,28,40,"20181029 16:00:00",10000,20190131
"169","MYR3M=","MYR_Forward_Swap_Point","3M","MYR_Forward_3M","MYR3M=",20181029,34,28,40,"20181029 16:00:00",10000,20190131
"170","MYR4M=","MYR_NDF_Swap_Point","4M","MYR_NDF_4M","MYR4M=",20181029,34,28,40,"20181029 16:00:00",10000,20190228
"171","MYR5M=","MYR_NDF_Swap_Point","5M","MYR_NDF_5M","MYR5M=",20181029,37.5,25,50,"20181029 16:00:00",10000,20190329
"172","MYR6M=","MYR_Forward_Swap_Point","6M","MYR_Forward_6M","MYR6M=",20181029,45,35,55,"20181029 16:00:00",10000,20190430
"173","MYR6M=","MYR_NDF_Swap_Point","6M","MYR_NDF_6M","MYR6M=",20181029,45,35,55,"20181029 16:00:00",10000,20190430
"174","MYR9M=","MYR_Forward_Swap_Point","9M","MYR_Forward_9M","MYR9M=",20181029,55,40,70,"20181029 16:00:00",10000,20190731
"175","MYR9M=","MYR_NDF_Swap_Point","9M","MYR_NDF_9M","MYR9M=",20181029,55,40,70,"20181029 16:00:00",10000,20190731
"176","MYRSW=","MYR_NDF_Swap_Point","SW","MYR_NDF_SW","MYRSW=",20181029,6.5,6,7,"20181029 16:00:00",10000,20181107
"177","MYRSW=","MYR_Forward_Swap_Point","1W","MYR_Forward_1W","MYRSW=",20181029,6.5,6,7,"20181029 16:00:00",10000,20181107
"178","NOK10M=","NOK_Forward_Swap_Point","10M","NOK_Forward_10M","NOK10M=",20181029,-1134.15,-1144.15,-1124.15,"20181029 16:00:00",10000,20190830
"179","NOK11M=","NOK_Forward_Swap_Point","11M","NOK_Forward_11M","NOK11M=",20181029,-1253.8,-1276.3,-1231.3,"20181029 16:00:00",10000,20190930
"180","NOK1M=","NOK_Forward_Swap_Point","1M","NOK_Forward_1M","NOK1M=",20181029,-101.54,-108.69,-94.39,"20181029 16:00:00",10000,20181130
"181","NOK1Y=","NOK_Forward_Swap_Point","1Y","NOK_Forward_1Y","NOK1Y=",20181029,-1369.22,-1379.22,-1359.22,"20181029 16:00:00",10000,20191031
"182","NOK2M=","NOK_Forward_Swap_Point","2M","NOK_Forward_2M","NOK2M=",20181029,-209.8,-217.8,-201.8,"20181029 16:00:00",10000,20181231
"183","NOK2W=","NOK_Forward_Swap_Point","2W","NOK_Forward_2W","NOK2W=",20181029,-47.52,-49.72,-45.32,"20181029 16:00:00",10000,20181114
"184","NOK2Y=","NOK_Forward_Swap_Point","2Y","NOK_Forward_2Y","NOK2Y=",20181029,-2680.61,-2715.61,-2645.61,"20181029 16:00:00",10000,20201030
"185","NOK3M=","NOK_Forward_Swap_Point","3M","NOK_Forward_3M","NOK3M=",20181029,-360.45,-363.2,-357.7,"20181029 16:00:00",10000,20190131
"186","NOK3W=","NOK_Forward_Swap_Point","3W","NOK_Forward_3W","NOK3W=",20181029,-71.87,-74.15,-69.59,"20181029 16:00:00",10000,20181121
"187","NOK4M=","NOK_Forward_Swap_Point","4M","NOK_Forward_4M","NOK4M=",20181029,-463.5,-473.5,-453.5,"20181029 16:00:00",10000,20190228
"188","NOK5M=","NOK_Forward_Swap_Point","5M","NOK_Forward_5M","NOK5M=",20181029,-562.84,-570.34,-555.34,"20181029 16:00:00",10000,20190329
"189","NOK6M=","NOK_Forward_Swap_Point","6M","NOK_Forward_6M","NOK6M=",20181029,-685,-700,-670,"20181029 16:00:00",10000,20190430
"190","NOK7M=","NOK_Forward_Swap_Point","7M","NOK_Forward_7M","NOK7M=",20181029,-802.93,-817.93,-787.93,"20181029 16:00:00",10000,20190531
"191","NOK8M=","NOK_Forward_Swap_Point","8M","NOK_Forward_8M","NOK8M=",20181029,-909.46,-926.96,-891.96,"20181029 16:00:00",10000,20190628
"192","NOK9M=","NOK_Forward_Swap_Point","9M","NOK_Forward_9M","NOK9M=",20181029,-1027.64,-1055.28,-1000,"20181029 16:00:00",10000,20190731
"193","NOKSW=","NOK_Forward_Swap_Point","1W","NOK_Forward_SW","NOKSW=",20181029,-24.32,-26.42,-22.22,"20181029 16:00:00",10000,20181107
"194","NZD10M=","NZD_Forward_Swap_Point","10M","NZD_Forward_10M","NZD10M=",20181029,33.09,32.24,33.94,"20181029 16:00:00",10000,20190830
"195","NZD11M=","NZD_Forward_Swap_Point","11M","NZD_Forward_11M","NZD11M=",20181029,38.05,36.35,39.75,"20181029 16:00:00",10000,20190930
"196","NZD1M=","NZD_Forward_Swap_Point","1M","NZD_Forward_1M","NZD1M=",20181029,2.155,2.04,2.27,"20181029 16:00:00",10000,20181130
"197","NZD1Y=","NZD_Forward_Swap_Point","1Y","NZD_Forward_1Y","NZD1Y=",20181029,42.33,41.33,43.33,"20181029 16:00:00",10000,20191031
"198","NZD2M=","NZD_Forward_Swap_Point","2M","NZD_Forward_2M","NZD2M=",20181029,4.385,4.26,4.51,"20181029 16:00:00",10000,20181231
"199","NZD2W=","NZD_Forward_Swap_Point","2W","NZD_Forward_2W","NZD2W=",20181029,1.23,1.15,1.31,"20181029 16:00:00",10000,20181114
"200","NZD2Y=","NZD_Forward_Swap_Point","2Y","NZD_Forward_2Y","NZD2Y=",20181029,94.425,90.8,98.05,"20181029 16:00:00",10000,20201030
"201","NZD3M=","NZD_Forward_Swap_Point","3M","NZD_Forward_3M","NZD3M=",20181029,7.275,7.06,7.49,"20181029 16:00:00",10000,20190131
"202","NZD3W=","NZD_Forward_Swap_Point","3W","NZD_Forward_3W","NZD3W=",20181029,1.68,1.58,1.78,"20181029 16:00:00",10000,20181121
"203","NZD4M=","NZD_Forward_Swap_Point","4M","NZD_Forward_4M","NZD4M=",20181029,10.01,9.73,10.29,"20181029 16:00:00",10000,20190228
"204","NZD5M=","NZD_Forward_Swap_Point","5M","NZD_Forward_5M","NZD5M=",20181029,12.83,12.33,13.33,"20181029 16:00:00",10000,20190329
"205","NZD6M=","NZD_Forward_Swap_Point","6M","NZD_Forward_6M","NZD6M=",20181029,16.74,16.09,17.39,"20181029 16:00:00",10000,20190430
"206","NZD7M=","NZD_Forward_Swap_Point","7M","NZD_Forward_7M","NZD7M=",20181029,20.66,19.91,21.41,"20181029 16:00:00",10000,20190531
"207","NZD8M=","NZD_Forward_Swap_Point","8M","NZD_Forward_8M","NZD8M=",20181029,24.32,23.32,25.32,"20181029 16:00:00",10000,20190628
"208","NZD9M=","NZD_Forward_Swap_Point","9M","NZD_Forward_9M","NZD9M=",20181029,28.8,28.1,29.5,"20181029 16:00:00",10000,20190731
"209","NZDSW=","NZD_Forward_Swap_Point","1W","NZD_Forward_SW","NZDSW=",20181029,0.67,0.61,0.73,"20181029 16:00:00",10000,20181107
"210","PEN1MNDF=","PEN_NDF_Swap_Point","1M","PEN_NDF_1M","PEN1MNDF=",20181029,0.0045,0.004,0.005,"20181029 16:00:00",1,20181130
"211","PEN1YNDF=","PEN_NDF_Swap_Point","1Y","PEN_NDF_1Y","PEN1YNDF=",20181029,0.0503,0.0487,0.0519,"20181029 16:00:00",1,20191031
"212","PEN2MNDF=","PEN_NDF_Swap_Point","2M","PEN_NDF_2M","PEN2MNDF=",20181029,0.0087,0.0082,0.0092,"20181029 16:00:00",1,20181231
"213","PEN3MNDF=","PEN_NDF_Swap_Point","3M","PEN_NDF_3M","PEN3MNDF=",20181029,0.0129,0.0124,0.0134,"20181029 16:00:00",1,20190131
"214","PEN6MNDF=","PEN_NDF_Swap_Point","6M","PEN_NDF_6M","PEN6MNDF=",20181029,0.0251,0.0246,0.0256,"20181029 16:00:00",1,20190430
"215","PEN9MNDF=","PEN_NDF_Swap_Point","9M","PEN_NDF_9M","PEN9MNDF=",20181029,0.0391,0.0381,0.0401,"20181029 16:00:00",1,20190731
"216","PENSWNDF=","PEN_NDF_Swap_Point","1W","PEN_NDF_SW","PENSWNDF=",20181029,0.00105,8e-04,0.0013,"20181029 16:00:00",1,20181107
"217","PHP1M=","PHP_NDF_Swap_Point","1M","PHP_NDF_1M","PHP1M=",20181029,0.0865,0.075,0.098,"20181029 16:00:00",1,20181129
"218","PHP1Y=","PHP_NDF_Swap_Point","1Y","PHP_NDF_1Y","PHP1Y=",20181029,1.365,1.16,1.57,"20181029 16:00:00",1,20191030
"219","PHP2M=","PHP_NDF_Swap_Point","2M","PHP_NDF_2M","PHP2M=",20181029,0.1875,0.175,0.2,"20181029 16:00:00",1,20181228
"220","PHP2W=","PHP_NDF_Swap_Point","2W","PHP_NDF_2W","PHP2W=",20181029,0.024,0.019,0.029,"20181029 16:00:00",1,20181113
"221","PHP3M=","PHP_NDF_Swap_Point","3M","PHP_NDF_3M","PHP3M=",20181029,0.29,0.27,0.31,"20181029 16:00:00",1,20190130
"222","PHP3W=","PHP_NDF_Swap_Point","3W","PHP_NDF_3W","PHP3W=",20181029,0.0475,0.038,0.057,"20181029 16:00:00",1,20181120
"223","PHP4M=","PHP_NDF_Swap_Point","4M","PHP_NDF_4M","PHP4M=",20181029,0.42,0.37,0.47,"20181029 16:00:00",1,20190228
"224","PHP5M=","PHP_NDF_Swap_Point","5M","PHP_NDF_5M","PHP5M=",20181029,0.525,0.47,0.58,"20181029 16:00:00",1,20190329
"225","PHP6M=","PHP_NDF_Swap_Point","6M","PHP_NDF_6M","PHP6M=",20181029,0.655,0.57,0.74,"20181029 16:00:00",1,20190430
"226","PHP9M=","PHP_NDF_Swap_Point","9M","PHP_NDF_9M","PHP9M=",20181029,0.97,0.86,1.08,"20181029 16:00:00",1,20190730
"227","PHPSW=","PHP_NDF_Swap_Point","1W","PHP_NDF_SW","PHPSW=",20181029,0.012,0.009,0.015,"20181029 16:00:00",1,20181106
"228","RUB1M=","RUB_NDF_Swap_Point","1M","RUB_NDF_1M","RUB1M=",20181029,2510,2460,2560,"20181029 16:00:00",10000,20181130
"229","RUB1M=","RUB_Forward_Swap_Point","1M","RUB_Forward_1M","RUB1M=",20181029,2510,2460,2560,"20181029 16:00:00",10000,20181130
"230","RUB1Y=","RUB_Forward_Swap_Point","1Y","RUB_Forward_1Y","RUB1Y=",20181029,29950,29550,30350,"20181029 16:00:00",10000,20191030
"231","RUB1Y=","RUB_NDF_Swap_Point","1Y","RUB_NDF_1Y","RUB1Y=",20181029,29950,29550,30350,"20181029 16:00:00",10000,20191030
"232","RUB2M=","RUB_NDF_Swap_Point","2M","RUB_NDF_2M","RUB2M=",20181029,4612.5,4545,4680,"20181029 16:00:00",10000,20181228
"233","RUB2Y=","RUB_Forward_Swap_Point","2Y","RUB_Forward_2Y","RUB2Y=",20181029,60941,60241,61641,"20181029 16:00:00",10000,20201030
"234","RUB3M=","RUB_NDF_Swap_Point","3M","RUB_NDF_3M","RUB3M=",20181029,6580,6530,6630,"20181029 16:00:00",10000,20190130
"235","RUB3M=","RUB_Forward_Swap_Point","3M","RUB_Forward_3M","RUB3M=",20181029,6580,6530,6630,"20181029 16:00:00",10000,20190130
"236","RUB6M=","RUB_Forward_Swap_Point","6M","RUB_Forward_6M","RUB6M=",20181029,13945,13760,14130,"20181029 16:00:00",10000,20190430
"237","RUB6M=","RUB_NDF_Swap_Point","6M","RUB_NDF_6M","RUB6M=",20181029,13945,13760,14130,"20181029 16:00:00",10000,20190430
"238","RUB9M=","RUB_Forward_Swap_Point","9M","RUB_Forward_9M","RUB9M=",20181029,21880,21680,22080,"20181029 16:00:00",10000,20190730
"239","RUB9M=","RUB_NDF_Swap_Point","9M","RUB_NDF_9M","RUB9M=",20181029,21880,21680,22080,"20181029 16:00:00",10000,20190730
"240","RUBSW=","RUB_Forward_Swap_Point","1W","RUB_Forward_1W","RUBSW=",20181029,585,560,610,"20181029 16:00:00",10000,20181106
"241","RUBSW=","RUB_NDF_Swap_Point","1W","RUB_NDF_SW","RUBSW=",20181029,585,560,610,"20181029 16:00:00",10000,20181106
"242","SEK1M=","SEK_Forward_Swap_Point","1M","SEK_Forward_1M","SEK1M=",20181029,-221.375,-223.2,-219.55,"20181029 16:00:00",10000,20181130
"243","SEK1Y=","SEK_Forward_Swap_Point","1Y","SEK_Forward_1Y","SEK1Y=",20181029,-2909.28,-2919.28,-2899.28,"20181029 16:00:00",10000,20191031
"244","SEK2M=","SEK_Forward_Swap_Point","2M","SEK_Forward_2M","SEK2M=",20181029,-433.96,-435.46,-432.46,"20181029 16:00:00",10000,20181228
"245","SEK2W=","SEK_Forward_Swap_Point","2W","SEK_Forward_2W","SEK2W=",20181029,-103.305,-104.6,-102.01,"20181029 16:00:00",10000,20181114
"246","SEK2Y=","SEK_Forward_Swap_Point","2Y","SEK_Forward_2Y","SEK2Y=",20181029,-5475.25,-5501.3,-5449.2,"20181029 16:00:00",10000,20201030
"247","SEK3M=","SEK_Forward_Swap_Point","3M","SEK_Forward_3M","SEK3M=",20181029,-810.99,-813.49,-808.49,"20181029 16:00:00",10000,20190131
"248","SEK4M=","SEK_Forward_Swap_Point","4M","SEK_Forward_4M","SEK4M=",20181029,-1017.7,-1023.95,-1011.45,"20181029 16:00:00",10000,20190228
"249","SEK5M=","SEK_Forward_Swap_Point","5M","SEK_Forward_5M","SEK5M=",20181029,-1228.9,-1236.7,-1221.1,"20181029 16:00:00",10000,20190329
"250","SEK6M=","SEK_Forward_Swap_Point","6M","SEK_Forward_6M","SEK6M=",20181029,-1487.22,-1493.5,-1480.94,"20181029 16:00:00",10000,20190430
"251","SEK9M=","SEK_Forward_Swap_Point","9M","SEK_Forward_9M","SEK9M=",20181029,-2194.9,-2203.4,-2186.4,"20181029 16:00:00",10000,20190731
"252","SEKSW=","SEK_Forward_Swap_Point","1W","SEK_Forward_SW","SEKSW=",20181029,-51.67,-52.22,-51.12,"20181029 16:00:00",10000,20181107
"253","SGD1M=","SGD_Forward_Swap_Point","1M","SGD_Forward_1M","SGD1M=",20181029,-9.86,-10.43,-9.29,"20181029 16:00:00",10000,20181130
"254","SGD1Y=","SGD_Forward_Swap_Point","1Y","SGD_Forward_1Y","SGD1Y=",20181029,-143.03,-153.03,-133.03,"20181029 16:00:00",10000,20191031
"255","SGD2M=","SGD_Forward_Swap_Point","2M","SGD_Forward_2M","SGD2M=",20181029,-20.93,-22.93,-18.93,"20181029 16:00:00",10000,20181231
"256","SGD2W=","SGD_Forward_Swap_Point","2W","SGD_Forward_2W","SGD2W=",20181029,-4.55,-4.88,-4.22,"20181029 16:00:00",10000,20181114
"257","SGD2Y=","SGD_Forward_Swap_Point","2Y","SGD_Forward_2Y","SGD2Y=",20181029,-290.28,-294.42,-286.14,"20181029 16:00:00",10000,20201030
"258","SGD3M=","SGD_Forward_Swap_Point","3M","SGD_Forward_3M","SGD3M=",20181029,-33.55,-35.55,-31.55,"20181029 16:00:00",10000,20190131
"259","SGD3W=","SGD_Forward_Swap_Point","3W","SGD_Forward_3W","SGD3W=",20181029,-6.91,-8.91,-4.91,"20181029 16:00:00",10000,20181121
"260","SGD6M=","SGD_Forward_Swap_Point","6M","SGD_Forward_6M","SGD6M=",20181029,-66.725,-68.1,-65.35,"20181029 16:00:00",10000,20190430
"261","SGD9M=","SGD_Forward_Swap_Point","9M","SGD_Forward_9M","SGD9M=",20181029,-103.31,-105.63,-100.99,"20181029 16:00:00",10000,20190731
"262","SGDSW=","SGD_Forward_Swap_Point","1W","SGD_Forward_SW","SGDSW=",20181029,-2.235,-2.45,-2.02,"20181029 16:00:00",10000,20181107
"263","TRY1M=","TRY_Forward_Swap_Point","1M","TRY_Forward_1M","TRY1M=",20181029,1036.67,1027.91,1045.43,"20181029 16:00:00",10000,20181130
"264","TRY1Y=","TRY_Forward_Swap_Point","1Y","TRY_Forward_1Y","TRY1Y=",20181029,12894.495,12813.31,12975.68,"20181029 16:00:00",10000,20191030
"265","TRY2M=","TRY_Forward_Swap_Point","2M","TRY_Forward_2M","TRY2M=",20181029,2096.41,2086.52,2106.3,"20181029 16:00:00",10000,20181231
"266","TRY2W=","TRY_Forward_Swap_Point","2W","TRY_Forward_2W","TRY2W=",20181029,468.86,454.02,483.7,"20181029 16:00:00",10000,20181113
"267","TRY3M=","TRY_Forward_Swap_Point","3M","TRY_Forward_3M","TRY3M=",20181029,3107.15,3092.27,3122.03,"20181029 16:00:00",10000,20190130
"268","TRY6M=","TRY_Forward_Swap_Point","6M","TRY_Forward_6M","TRY6M=",20181029,6295.85,6277.2,6314.5,"20181029 16:00:00",10000,20190430
"269","TRY9M=","TRY_Forward_Swap_Point","9M","TRY_Forward_9M","TRY9M=",20181029,9612,9577,9647,"20181029 16:00:00",10000,20190730
"270","TRYSW=","TRY_Forward_Swap_Point","1W","TRY_Forward_1W","TRYSW=",20181029,233.2,228.06,238.34,"20181029 16:00:00",10000,20181106
"271","TWD1M=","TWD_Forward_Swap_Point","1M","TWD_Forward_1M","TWD1M=",20181029,-0.069,-0.074,-0.064,"20181029 16:00:00",1,20181130
"272","TWD1Y=","TWD_Forward_Swap_Point","1Y","TWD_Forward_1Y","TWD1Y=",20181029,-0.983,-0.993,-0.973,"20181029 16:00:00",1,20191031
"273","TWD2M=","TWD_Forward_Swap_Point","2M","TWD_Forward_2M","TWD2M=",20181029,-0.1325,-0.134,-0.131,"20181029 16:00:00",1,20181228
"274","TWD3M=","TWD_Forward_Swap_Point","3M","TWD_Forward_3M","TWD3M=",20181029,-0.23,-0.235,-0.225,"20181029 16:00:00",1,20190131
"275","TWD6M=","TWD_Forward_Swap_Point","6M","TWD_Forward_6M","TWD6M=",20181029,-0.467,-0.477,-0.457,"20181029 16:00:00",1,20190430
"276","TWD9M=","TWD_Forward_Swap_Point","9M","TWD_Forward_9M","TWD9M=",20181029,-0.718,-0.728,-0.708,"20181029 16:00:00",1,20190731
"277","TWDSW=","TWD_Forward_Swap_Point","1W","TWD_Forward_1W","TWDSW=",20181029,-0.0165,-0.018,-0.015,"20181029 16:00:00",1,20181107
"278","ZAR1M=","ZAR_Forward_Swap_Point","1M","ZAR_Forward_1M","ZAR1M=",20181029,554.465,551.97,556.96,"20181029 16:00:00",10000,20181130
"279","ZAR1Y=","ZAR_Forward_Swap_Point","1Y","ZAR_Forward_1Y","ZAR1Y=",20181029,6886.135,6820.48,6951.79,"20181029 16:00:00",10000,20191031
"280","ZAR2Y=","ZAR_Forward_Swap_Point","2Y","ZAR_Forward_2Y","ZAR2Y=",20181029,14600,14450,14750,"20181029 16:00:00",10000,20201030
"281","ZAR3M=","ZAR_Forward_Swap_Point","3M","ZAR_Forward_3M","ZAR3M=",20181029,1731.74,1725.63,1737.85,"20181029 16:00:00",10000,20190131
"282","ZAR6M=","ZAR_Forward_Swap_Point","6M","ZAR_Forward_6M","ZAR6M=",20181029,3373.57,3340.95,3406.19,"20181029 16:00:00",10000,20190430
"283","ZAR9M=","ZAR_Forward_Swap_Point","9M","ZAR_Forward_9M","ZAR9M=",20181029,5100,5064,5136,"20181029 16:00:00",10000,20190731
"284","ZARSW=","ZAR_Forward_Swap_Point","1W","ZAR_Forward_1W","ZARSW=",20181029,127.29,126.79,127.79,"20181029 16:00:00",10000,20181107
